,,,,,
,Pillow ID,Player,Discord,,United Rogue Linguine League Trackers:
,-------------------------------------------------------------------------------------------,,,,https://rl.unitedrogue.com/eligibility/league/LL
,101,ImaJynn,887048940363608204,,
,102,Quilli,812387252155056208,,United Rogue Ballchasing Replays:
,103,Forgotten,680628781660110935,,https://ballchasing.com/group/united-rogue-d1hs10f4dh
,104,Justin,607006157231489045,,
,105,JesseHowell,574350312245035011,,Minor League Esports Stats:
,106,Sparta1667,463494665841410049,,https://mlesportsgg.evidence.app/All-Time_Player_Stats/
,107,Lewacky,449301754161528832,,
,108,YenYen,443857003811438603,,Minor League Esports Trackers:
,109,GR4YBU5H,404770428293349376,,https://mlesportsgg.evidence.app/Tracker_Search/
,110,DubiousDugger,330591903533891584,,
,111,Kicker,249310513337466880,,Mystic Rocket League Season 3 Replays:
,112,HotxGrandma,218055228463906817,,https://ballchasing.com/group/mrl-s3-wlatlthnyb
,113,Guyapino,188308276042006528,,
,114,Knight Doc Wolfe,181247532037439488,,My Ballchasing Groups:
,115,Glitch,1334500793851838551,,https://ballchasing.com/groups?creator=76561198132596425
,116,Mercury,1275239563358638094,,
,117,CrucialUrchin,1086736353242386522,,
,118,Phantom_RL,1059173132985979004,,
,119,JohnMcVegan,1133712510118268938,,
,120,Chucky,1279411617762639976,,
,121,Dogerino,141729895846772736,,
,122,Fen,150705575926169600,,
,123,Dark Node,163704095134187530,,
,124,OmegaBlaze33,168171867293745153,,
,125,Gxxvm,181175206243598336,,
,126,LogicCC,189466574011367424,,
,127,Felixeur,192713414663995392,,
,128,Illuzionz,204715400406106113,,
,129,Mallow,218587690675732480,,
,130,Kkube,266607986120720384,,
,131,WarRat,281174267562033161,,
,132,Torston,282390599863107594,,
,133,Rocket,292786354591629314,,
,134,Lunchbox,306464243090456578,,
,135,Clean,318473935094153217,,
,136,Kyozo,326328336437477387,,
,137,DanDaMan,332951498881368065,,
,138,ncsubowen,337977329449959424,,
,139,Yoyo,342700907571576832,,
,140,Postman,349053976064557057,,
,141,Obsidian Bear,365743831989092352,,
,142,Fenrir,370445420209373185,,
,143,Titan Polus,390691348996685824,,
,144,Royalty,426555466965843971,,
,145,noName Devotion,434545250812297227,,
,146,BoogerBear,454419301399789569,,
,147,SkyGuy,458513869384450070,,
,148,Spongebob,459066464939278358,,
,149,DrxShadow,481630684113272833,,
,150,Styx,503734740399030283,,
,151,CTKShadow,531529062888243210,,
,152,Pika,533070564504371210,,
,153,Dap Dapp,536658394136969216,,
,154,Icy_Fatal99,545785461654945792,,
,155,Lanxy,620257228607193089,,
,156,JonCornDog,638534525705519110,,
,157,Huggins,657709702255476746,,
,158,Psychotic Kid,699388469474230382,,
,159,Alyssa,710005285032558592,,
,160,SkinnyLegend,737450770420596736,,
,161,Mael,738334230265987074,,
,162,Viper Mike,750464329039740969,,
,163,Bloodwolf,759746609889148928,,
,164,Ka Astral,790390280342732852,,
,165,West,794243990106013706,,
,166,MapleSyrup,843595984512614430,,
,167,RedemptionKing1,856369524667711528,,
,168,MrMayhem_nc,92289080666128384,,
,169,Kriger,929828401617993728,,
,170,Dark Lotus,977432594029367307,,
,171,Mazda,1367336490631299103,,
,172,popayes5,383484779888115732,,
,172,Andy McMuffin,148512958119542793,,
,173,FlashFixGaming,142727858090016768,,
,174,ItsFlowZa,663115994084147262,,
,175,Rudra,278255980029149184,,
,176,Ryftz,1357508892283900096,,
,177,Slipstream,464114322759483402,,
,178,Smokie,136638249471836160,,
,179,Tato,710611945778315295,,
,180,Xythanus,710616536594907297,,
,181,Underfire,415706848784810006,,